AAI,20030225,09:30:22,6.2,9400,6.15,-0.008097210232619362,0.005481746826849971
AAI,20030225,09:34:04,6.15,100,6.12,-0.004889985294191792,0.005425862515362455
AAI,20030225,09:35:41,6.12,200,6.12,0.0,0.005405775351779914
AAI,20030225,09:36:06,6.12,200,6.05,-0.01150382448148469,0.005430309165917968
AAI,20030225,09:36:14,6.05,1000,6.05,0.0,0.005309004015278817
AAI,20030225,09:36:25,6.05,600,6.1,0.008230499136515444,0.005350015194762671
AAI,20030225,09:41:18,6.1,100,6.1,0.0,0.005288594331813352
AAI,20030225,09:41:30,6.1,100,6.1,0.0,0.005288594331813352
AAI,20030225,09:44:50,6.1,400,6.11,0.0016380020042385914,0.005288594331813352
AAI,20030225,09:45:49,6.11,200,6.1,-0.0016380020042384695,0.005295547312720843
AAI,20030225,09:46:00,6.1,100,6.09,-0.0016406894574598886,0.005333252758741571
AAI,20030225,09:47:51,6.09,100,6.09,0.0,0.00533424190139866
AAI,20030225,09:48:19,6.09,1000,6.09,0.0,0.00533424190139866
AAI,20030225,09:49:23,6.09,500,6.04,-0.008244069775082066,0.005336406388319998
AAI,20030225,09:52:16,6.04,100,6.04,0.0,0.005276818233766272
AAI,20030225,09:53:04,6.04,300,6.04,0.0,0.005276818233766271
AAI,20030225,09:53:21,6.04,100,6.05,0.001654260096026468,0.005276818233766272
AAI,20030225,09:53:22,6.05,600,6.01,-0.006633523495633906,0.005276439367026043
AAI,20030225,09:53:38,6.01,100,6.01,0.0,0.005235200121196717
AAI,20030225,09:53:54,6.01,100,6.02,0.0016625107736134572,0.005237874228244305
AAI,20030225,09:53:55,6.02,1600,6.01,-0.001662510773613414,0.005237778356148568
AAI,20030225,09:55:28,6.01,100,6.01,0.0,0.005235217719612085
AAI,20030225,09:56:06,6.01,700,6.01,0.0,0.005237795640765951
AAI,20030225,09:57:32,6.01,1000,6,-0.0016652793190612089,0.005240529826416798
AAI,20030225,09:57:45,6,5800,5.92,-0.013423020332140661,0.005240538573239445
AAI,20030225,09:57:52,5.92,4700,5.92,0.0,0.005090123077214062
AAI,20030225,09:57:53,5.92,300,5.93,0.0016877641137198365,0.005100588722903188
AAI,20030225,09:58:36,5.93,200,5.92,-0.0016877641137197409,0.005098098471920175
AAI,20030225,10:00:14,5.92,1000,5.9,-0.003384097984240457,0.00509500091914967
AAI,20030225,10:00:58,5.9,100,5.9,0.0,0.005082973711069055
AAI,20030225,10:01:03,5.9,400,5.9,0.0,0.005082973711069054
AAI,20030225,10:02:24,5.9,1500,5.9,0.0,0.0050829737110690545
AAI,20030225,10:02:27,5.9,1500,5.85,-0.00851068966790873,0.005092945691245007
AAI,20030225,10:02:43,5.85,1300,5.85,0.0,0.005017796445929553
AAI,20030225,10:04:09,5.85,200,5.86,0.0017079423451563376,0.005017796445929555
AAI,20030225,10:04:12,5.86,500,5.86,0.0,0.005028257477288403
AAI,20030225,10:06:45,5.86,900,5.85,-0.0017079423451562587,0.005030338676097923
AAI,20030225,10:07:03,5.85,1000,5.86,0.0017079423451563376,0.005026671547554904
AAI,20030225,10:07:03,5.86,100,5.85,-0.0017079423451562587,0.005028008186278266
AAI,20030225,10:07:56,5.85,1000,5.86,0.0017079423451563376,0.005036889033158209
AAI,20030225,10:07:57,5.86,900,5.9,0.00680274732275262,0.005057654597122115
AAI,20030225,10:08:34,5.9,3000,5.85,-0.00851068966790873,0.0050141870464630485
AAI,20030225,10:09:21,5.85,800,5.86,0.0017079423451563376,0.004938123960319245
AAI,20030225,10:09:22,5.86,2000,5.86,0.0,0.005077675850623243
AAI,20030225,10:09:36,5.86,400,5.86,0.0,0.005089499558413853
AAI,20030225,10:09:44,5.86,1000,5.86,0.0,0.005157201957874708
AAI,20030225,10:10:20,5.86,1000,5.86,0.0,0.005157201957874707
AAI,20030225,10:10:26,5.86,1000,5.85,-0.0017079423451562587,0.005227551610031023
AAI,20030225,10:11:02,5.85,2100,5.86,0.0017079423451563376,0.005224512954693278
AAI,20030225,10:11:03,5.86,2000,5.86,0.0,0.005287975110915546
AAI,20030225,10:11:04,5.86,100,5.86,0.0,0.005287975110915545
AAI,20030225,10:13:14,5.86,500,5.86,0.0,0.005287975110915546
AAI,20030225,10:14:12,5.86,1500,5.86,0.0,0.005287975110915548
AAI,20030225,10:14:49,5.86,2600,5.88,0.0034071583216141346,0.005287975110915545
AAI,20030225,10:16:53,5.88,100,5.88,0.0,0.005277852537088518
AAI,20030225,10:17:08,5.88,300,5.94,0.010152371464018128,0.0052778525370885164
AAI,20030225,10:17:29,5.94,1600,6.05,0.0183491386681964,0.005183356234155306
AAI,20030225,10:18:17,6.05,2700,6.05,0.0,0.004847789503181967
AAI,20030225,10:18:23,6.05,500,6.06,0.0016515280384729392,0.0048512395637891744
AAI,20030225,10:19:25,6.06,600,6.05,-0.0016515280384729533,0.004850202597404173
AAI,20030225,10:19:25,6.05,2100,6.1,0.008230499136515444,0.0048958661040098906
AAI,20030225,10:19:43,6.1,3300,6.1,0.0,0.004823809977654303
AAI,20030225,10:20:23,6.1,1200,6.15,0.008163310639161056,0.004823809977654303
AAI,20030225,10:20:29,6.15,200,6.15,0.0,0.004750445487659741
AAI,20030225,10:21:42,6.15,1400,6.19,0.006483004878078312,0.004750445487659743
AAI,20030225,10:21:46,6.19,500,6.19,0.0,0.004701960934047092
AAI,20030225,10:22:43,6.19,500,6.18,-0.0016168152269053946,0.004744401078271827
AAI,20030225,10:30:58,6.18,200,6.1,-0.013029500290333796,0.004747223824461856
AAI,20030225,10:33:03,6.1,200,6.05,-0.00823049913651548,0.004573310557002733
AAI,20030225,10:33:07,6.05,2800,6.02,-0.0049710127220204976,0.004531378978817242
AAI,20030225,10:33:42,6.02,300,6.02,0.0,0.004504847401656086
AAI,20030225,10:34:29,6.02,300,6,-0.0033277900926745796,0.004504847401656086
AAI,20030225,10:34:32,6,1700,5.88,-0.020202707317519466,0.004505132198703066
AAI,20030225,10:38:29,5.88,200,5.86,-0.0034071583216141975,0.004020901572804932
AAI,20030225,10:38:51,5.86,200,6,0.023609865639133667,0.004004454869562533
AAI,20030225,10:42:13,6,200,6.01,0.0016652793190612488,0.0032441296929920484
AAI,20030225,10:44:04,6.01,200,6,-0.0016652793190612089,0.0032398951345175625
AAI,20030225,10:50:41,6,1000,6,0.0,0.0032355701755243734
AAI,20030225,10:51:07,6,300,6,0.0,0.003235570175524373
AAI,20030225,10:56:28,6,200,6,0.0,0.003235570175524373
AAI,20030225,10:59:12,6,100,6.01,0.0016652793190612488,0.0032739125485438435
AAI,20030225,11:06:42,6.01,100,6,-0.0016652793190612089,0.0032739414628050333
AAI,20030225,11:07:23,6,100,5.99,-0.0016680571006969474,0.003273969253943151
AAI,20030225,11:13:24,5.99,100,6,0.0016680571006970134,0.0032698437135731105
AAI,20030225,11:13:53,6,900,6,0.0,0.003265459597964943
AAI,20030225,11:13:56,6,300,6,0.0,0.003282092478729487
AAI,20030225,11:14:02,6,100,6.01,0.0016652793190612488,0.0032820924787294874
AAI,20030225,11:14:16,6.01,100,6,-0.0016652793190612089,0.0033809321497083734
AAI,20030225,11:15:05,6,25000,6.07,0.01159913584335194,0.003377607002875484
AAI,20030225,11:15:05,6.07,100,6,-0.011599135843351918,0.003280560684093147
AAI,20030225,11:15:08,6,4400,5.99,-0.0016680571006969474,0.003185507269263796
AAI,20030225,11:15:56,5.99,100,6,0.0016680571006970134,0.0033890273948993187
AAI,20030225,11:15:57,6,200,6,0.0,0.003420291428217362
AAI,20030225,11:15:58,6,600,6,0.0,0.0034202914282173615
AAI,20030225,11:16:48,6,300,6,0.0,0.0038126179363675325
AAI,20030225,11:17:34,6,100,6,0.0,0.0038162889894030787
AAI,20030225,11:18:37,6,25000,6,0.0,0.0038162889894030783
AAI,20030225,11:28:46,6,100,6,0.0,0.003819896635900995
AAI,20030225,11:29:04,6,300,6,0.0,0.0038235729286183206
AAI,20030225,11:29:24,6,100,6,0.0,0.0038271737089909386
AAI,20030225,11:29:43,6,200,6,0.0,0.003841471356816619
AAI,20030225,11:30:47,6,100,6,0.0,0.0038414713568166187
AAI,20030225,11:33:54,6,900,6,0.0,0.0038452954119130955
AAI,20030225,11:34:19,6,500,6.03,0.004987541511039188,0.0038452954119130947
AAI,20030225,11:34:55,6.03,200,6.03,0.0,0.0038160419614138874
AAI,20030225,11:35:10,6.03,100,6.07,0.006611594332312789,0.003816041961413887
AAI,20030225,11:36:32,6.07,200,6.06,-0.0016488049901838935,0.0037565945656659206
AAI,20030225,11:43:30,6.06,100,6.06,0.0,0.003753515641850077
AAI,20030225,11:46:17,6.06,300,6.06,0.0,0.0037535156418500777
AAI,20030225,11:50:48,6.06,100,6.04,-0.003305788134499433,0.003757694237473664
AAI,20030225,11:53:23,6.04,200,6,-0.006644542718668613,0.003747807799680531
AAI,20030225,11:55:16,6,1200,6.01,0.0016652793190612488,0.003688732033224076
AAI,20030225,11:56:26,6.01,100,6.01,0.0,0.003688732033224076
AAI,20030225,11:56:54,6.01,100,6,-0.0016652793190612089,0.003692526253780895
AAI,20030225,11:58:14,6,400,6.01,0.0016652793190612488,0.003688732033224076
AAI,20030225,12:03:48,6.01,100,6.01,0.0,0.0036850084166323576
AAI,20030225,12:08:22,6.01,1000,6.01,0.0,0.003718497798229002
AAI,20030225,12:08:54,6.01,1800,6,-0.0016652793190612089,0.0037220022586388576
AAI,20030225,12:12:23,6,100,6,0.0,0.003718534221733859
AAI,20030225,12:12:30,6,100,6.01,0.0016652793190612488,0.0037224845705312493
AAI,20030225,12:13:24,6.01,100,6,-0.0016652793190612089,0.003733828017036573
AAI,20030225,12:14:22,6,1000,6,0.0,0.003730149417721114
AAI,20030225,12:15:01,6,2000,5.99,-0.0016680571006969474,0.003763018396714753
AAI,20030225,12:15:44,5.99,1000,6,0.0016680571006970134,0.0037629805802079034
AAI,20030225,12:17:08,6,100,5.99,-0.0016680571006969474,0.003759464507812764
AAI,20030225,12:17:53,5.99,300,5.96,-0.005020931050099681,0.0037594394533515467
AAI,20030225,12:20:47,5.96,300,5.98,0.003350086885282027,0.0037249801816422396
AAI,20030225,12:27:19,5.98,200,5.98,0.0,0.003714402316900817
AAI,20030225,12:28:27,5.98,200,5.98,0.0,0.0037144023169008175
AAI,20030225,12:32:40,5.98,100,5.98,0.0,0.003714402316900818
AAI,20030225,12:34:18,5.98,800,5.98,0.0,0.003714402316900818
AAI,20030225,12:34:35,5.98,400,5.98,0.0,0.0037144023169008175
AAI,20030225,12:34:41,5.98,200,6,0.0033389012655146303,0.0037144023169008175
AAI,20030225,12:34:54,6,900,6,0.0,0.003703223288670962
AAI,20030225,12:37:16,6,200,6,0.0,0.003703223288670963
AAI,20030225,12:37:24,6,100,5.98,-0.0033389012655145986,0.003703223288670963
AAI,20030225,12:38:01,5.98,100,5.99,0.0016708441648175007,0.003691326811195795
AAI,20030225,12:40:41,5.99,100,5.99,0.0,0.003691278749199302
AAI,20030225,12:40:55,5.99,500,5.98,-0.0016708441648176058,0.0037053655264322172
AAI,20030225,12:41:11,5.98,500,5.96,-0.0033500868852820854,0.003705286694542608
AAI,20030225,12:41:36,5.96,100,5.99,0.005020931050099664,0.00369214188338475
AAI,20030225,12:42:00,5.99,100,5.99,0.0,0.0036752297686402243
AAI,20030225,12:43:05,5.99,300,5.99,0.0,0.0036752297686402243
AAI,20030225,12:43:59,5.99,500,5.92,-0.011754963231443732,0.0036752297686402243
AAI,20030225,12:47:46,5.92,200,5.9,-0.003384097984240457,0.0034827682497843514
AAI,20030225,12:47:49,5.9,700,5.95,0.008438868645864604,0.003482198769784956
AAI,20030225,12:48:03,5.95,100,5.95,0.0,0.003381508250216674
AAI,20030225,12:49:15,5.95,500,5.9,-0.008438868645864595,0.0033968704787774996
AAI,20030225,12:49:49,5.9,200,5.9,0.0,0.0033565780711265866
AAI,20030225,12:50:08,5.9,300,5.95,0.008438868645864604,0.0033716598900422677
AAI,20030225,12:50:33,5.95,200,5.95,0.0,0.0032675648712935166
AAI,20030225,12:50:41,5.95,100,5.95,0.0,0.0032675648712935158
AAI,20030225,12:53:02,5.95,100,5.95,0.0,0.0032675648712935158
AAI,20030225,13:10:49,5.95,100,5.95,0.0,0.003283460246663276
AAI,20030225,13:13:53,5.95,100,5.95,0.0,0.003283460246663275
AAI,20030225,13:15:46,5.95,100,5.95,0.0,0.0032870263348598254
AAI,20030225,13:30:36,5.95,100,5.94,-0.0016820861829848262,0.003326262994423541
AAI,20030225,13:37:45,5.94,100,5.95,0.00168208618298488,0.0033569376850404414
AAI,20030225,13:38:05,5.95,100,5.96,0.0016792615197199939,0.0033568240418094483
AAI,20030225,13:40:36,5.96,100,5.95,-0.001679261519719914,0.003353323935224159
AAI,20030225,13:41:45,5.95,600,5.99,0.0067001925698195654,0.0033532044269651198
AAI,20030225,13:41:59,5.99,100,5.99,0.0,0.0032914024735152068
AAI,20030225,13:45:38,5.99,100,5.99,0.0,0.0032914024735152076
AAI,20030225,13:51:34,5.99,100,5.99,0.0,0.003291402473515208
AAI,20030225,13:56:34,5.99,1000,5.99,0.0,0.0032914024735152068
AAI,20030225,13:56:43,5.99,100,5.99,0.0,0.003295102737217527
AAI,20030225,13:56:53,5.99,100,5.95,-0.006700192569819562,0.0032951027372175256
AAI,20030225,13:57:56,5.95,400,5.96,0.0016792615197199939,0.0032285696898986375
AAI,20030225,14:01:51,5.96,100,5.96,0.0,0.0032249303883044532
AAI,20030225,14:02:13,5.96,400,5.99,0.005020931050099664,0.003224930388304453
AAI,20030225,14:05:52,5.99,200,5.99,0.0,0.003203339619938758
AAI,20030225,14:06:00,5.99,400,5.99,0.0,0.0032196306474967036
AAI,20030225,14:06:10,5.99,200,6.01,0.003333336419758217,0.003236172783233169
AAI,20030225,14:08:14,6.01,300,6.01,0.0,0.0032358688783864953
AAI,20030225,14:08:37,6.01,200,6.01,0.0,0.003252850875500461
AAI,20030225,14:09:02,6.01,500,6.01,0.0,0.0032701030779437763
AAI,20030225,14:09:03,6.01,300,6.01,0.0,0.0032876327281216164
AAI,20030225,14:09:26,6.01,600,6.01,0.0,0.003305447343155691
AAI,20030225,14:09:52,6.01,400,6.01,0.0,0.0033235547284288765
AAI,20030225,14:11:35,6.01,400,6.01,0.0,0.003341962991955103
AAI,20030225,14:12:43,6.01,400,5.98,-0.005004180584575727,0.003360680559634609
AAI,20030225,14:13:19,5.98,200,5.99,0.0016708441648175007,0.003335918926420234
AAI,20030225,14:18:16,5.99,500,5.98,-0.0016708441648176058,0.003350824543874162
AAI,20030225,14:18:36,5.98,200,5.98,0.0,0.003364807715211788
AAI,20030225,14:18:37,5.98,100,5.98,0.0,0.00338451967466865
AAI,20030225,14:18:49,5.98,100,5.96,-0.0033500868852820854,0.003404582183245086
AAI,20030225,14:18:53,5.96,600,5.96,0.0,0.0034035632251346913
AAI,20030225,14:18:56,5.96,600,5.91,-0.008424649659251578,0.0034242083623229223
AAI,20030225,14:22:13,5.91,400,5.91,0.0,0.003308911435007043
AAI,20030225,14:22:21,5.91,100,5.96,0.008424649659251623,0.003329394106245841
AAI,20030225,14:23:18,5.96,800,6.01,0.008354267469857724,0.003220654998791503
AAI,20030225,14:26:20,6.01,100,5.94,-0.011715615172562529,0.0031040741175705757
AAI,20030225,14:27:20,5.94,600,5.91,-0.005063301956546762,0.002817008672244327
AAI,20030225,14:27:24,5.91,400,5.91,0.0,0.0027692494172268075
AAI,20030225,14:27:33,5.91,1000,6.01,0.016778917129109287,0.0027874564723122043
AAI,20030225,14:29:04,6.01,600,6,-0.0016652793190612089,0.0020371882928578123
AAI,20030225,14:29:37,6,100,6,0.0,0.0020409199928588164
AAI,20030225,14:30:22,6,500,5.99,-0.0016680571006969474,0.00205501655700961
AAI,20030225,14:31:43,5.99,300,6,0.0016680571006970134,0.0020587339407940326
AAI,20030225,14:31:45,6,100,5.99,-0.0016680571006969474,0.0020649484052439647
AAI,20030225,14:31:53,5.99,100,5.97,-0.00334448472284736,0.0020688620299246893
AAI,20030225,14:37:53,5.97,100,5.97,0.0,0.0020406360241394038
AAI,20030225,14:39:23,5.97,200,5.98,0.0016736405580296937,0.0020557031135073197
AAI,20030225,14:45:33,5.98,100,5.98,0.0,0.002062823894915969
AAI,20030225,14:45:42,5.98,400,5.99,0.0016708441648175007,0.002078547793463602
AAI,20030225,14:45:55,5.99,100,5.99,0.0,0.0020859605570098675
AAI,20030225,14:46:17,5.99,100,5.99,0.0,0.0021023879170744366
AAI,20030225,14:47:28,5.99,200,5.99,0.0,0.002119209622774396
AAI,20030225,14:47:56,5.99,800,5.99,0.0,0.0021364417092908936
AAI,20030225,14:50:41,5.99,100,6,0.0016680571006970134,0.00215410113981746
AAI,20030225,14:50:51,6,600,6.01,0.0016652793190612488,0.0021629532225955934
AAI,20030225,14:51:24,6.01,300,6.01,0.0,0.0021717865193893117
AAI,20030225,14:51:57,6.01,500,6,-0.0016652793190612089,0.0021907254369252457
AAI,20030225,14:52:12,6,300,6.01,0.0016652793190612488,0.0021975578714123942
AAI,20030225,14:56:33,6.01,100,6.01,0.0,0.002207414223571809
AAI,20030225,14:57:13,6.01,400,6.01,0.0,0.0022277260279278456
AAI,20030225,15:03:54,6.01,100,5.98,-0.005004180584575727,0.0022486090793601594
AAI,20030225,15:06:18,5.98,200,5.97,-0.0016736405580297597,0.0021551263811986146
AAI,20030225,15:06:19,5.97,800,5.97,0.0,0.0021601737370066706
AAI,20030225,15:06:24,5.97,1500,5.98,0.0016736405580296937,0.0021814336551955736
AAI,20030225,15:06:39,5.98,400,6,0.0033389012655146303,0.002193695265358408
AAI,20030225,15:14:22,6,300,6,0.0,0.0021686533312493704
AAI,20030225,15:15:53,6,400,6.03,0.004987541511039188,0.002191511563157549
AAI,20030225,15:17:32,6.03,100,6.02,-0.001659751418364508,0.0020940587793703536
AAI,20030225,15:18:32,6.02,300,6.02,0.0,0.002101736183868065
AAI,20030225,15:18:33,6.02,300,6.01,-0.001662510773613414,0.0021254569560920224
AAI,20030225,15:21:47,6.01,200,6.01,0.0,0.0021332909529403325
AAI,20030225,15:21:48,6.01,200,6,-0.0016652793190612089,0.002158465605300411
AAI,20030225,15:26:28,6,100,6,0.0,0.002166424145721345
AAI,20030225,15:27:52,6,800,6,0.0,0.0021931911566475046
AAI,20030225,15:29:13,6,400,6,0.0,0.002220975630408733
AAI,20030225,15:34:45,6,400,6,0.0,0.0022498437140764244
AAI,20030225,15:36:35,6,400,6,0.0,0.002279867737078514
AAI,20030225,15:36:57,6,300,6.01,0.0016652793190612488,0.002311126974648904
AAI,20030225,15:40:19,6.01,800,6.01,0.0,0.002330042762020996
AAI,20030225,15:41:26,6.01,1600,6.01,0.0,0.0023639373779571677
AAI,20030225,15:44:02,6.01,100,6.02,0.0016625107736134572,0.0023993557405923038
AAI,20030225,15:44:05,6.02,200,6.03,0.0016597514183644708,0.0024213236931853377
AAI,20030225,15:44:23,6.03,500,6.05,0.003311261303656005,0.0024435738783821727
AAI,20030225,15:45:08,6.05,100,6.04,-0.001654260096026465,0.00240925801750606
AAI,20030225,15:45:19,6.04,100,6.05,0.001654260096026468,0.0024317400187320285
AAI,20030225,15:46:44,6.05,500,6.03,-0.00331126130365592,0.0024542709484210294
AAI,20030225,15:46:52,6.03,1000,6.03,0.0,0.002416673096697953
AAI,20030225,15:46:55,6.03,500,6.03,0.0,0.0024626807415439574
AAI,20030225,15:47:04,6.03,800,6.02,-0.001659751418364508,0.0025114202843605944
AAI,20030225,15:47:19,6.02,3300,6,-0.0033277900926745796,0.0025379748280366468
AAI,20030225,15:47:36,6,1000,6,0.0,0.002485766921461555
AAI,20030225,15:47:38,6,500,6.02,0.0033277900926745245,0.0025409185305031987
AAI,20030225,15:47:52,6.02,1000,5.98,-0.006666691358189122,0.0025107692905597975
AAI,20030225,15:47:58,5.98,1600,6,0.0033389012655146303,0.0020456334683639243
AAI,20030225,15:48:00,6,500,6,0.0,0.001987893845256966
AAI,20030225,15:48:47,6,2000,6,0.0,0.0020407859704137023
AAI,20030225,15:48:48,6,300,6,0.0,0.0020981425871420215
AAI,20030225,15:49:10,6,2600,6.02,0.0033277900926745245,0.002160630094671773
AAI,20030225,15:49:24,6.02,100,6.02,0.0,0.002090111230810941
AAI,20030225,15:49:25,6.02,1000,6.03,0.0016597514183644708,0.0021627138621060373
AAI,20030225,15:50:01,6.03,100,6,-0.004987541511039162,0.002206025568475288
AAI,20030225,15:51:25,6,100,6.03,0.004987541511039188,0.0017124430019626773
AAI,20030225,15:52:28,6.03,100,6.04,0.0016570012076293867,0.0011070561913974846
AAI,20030225,15:52:30,6.04,3000,6.04,0.0,0.0010471131235344974
AAI,20030225,15:52:40,6.04,3600,6.03,-0.001657001207629458,0.0011037541460740912
AAI,20030225,15:53:12,6.03,200,6.04,0.0016570012076293867,9.945937221366437E-4
AAI,20030225,15:53:26,6.04,900,6.04,0.0,8.842392154203998E-4
AAI,20030225,15:54:09,6.04,1000,6.04,0.0,9.550875117505367E-4
AAI,20030225,15:54:51,6.04,400,6.04,0.0,0.0010462459491544988
AAI,20030225,15:56:21,6.04,500,6.05,0.001654260096026468,0.0011697385317466238
AAI,20030225,15:59:05,6.05,6200,6.05,0.0,8.271300480132325E-4
AAI,20030225,15:59:19,6.05,500,6.04,-0.001654260096026465,9.550875117505358E-4
AAI,20030225,15:59:32,6.04,500,6.04,0.0,0.0
AAI,20030225,15:59:33,6.04,1000,6.04,0.0,NaN
AAI,20030225,15:59:59,6.04,1100,,,
AAI,20030521,09:31:40,7.07,4700,7.07,0.0,0.0015102277288130135
AAI,20030521,09:31:40,7.07,500,7.07,0.0,0.001510227728813014
AAI,20030521,09:31:41,7.07,100,7.07,0.0,0.0015102277288130137
AAI,20030521,09:31:41,7.07,200,7.07,0.0,0.001510227728813014
AAI,20030521,09:31:41,7.07,1000,7.07,0.0,0.001510227728813014
AAI,20030521,09:31:44,7.07,4700,7.07,0.0,0.0015102277288130135
AAI,20030521,09:31:46,7.07,100,7.07,0.0,0.001510227728813014
AAI,20030521,09:32:07,7.07,1600,7.07,0.0,0.0015170613728975443
AAI,20030521,09:32:23,7.07,200,7.05,-0.002832863084304201,0.001517061372897544
AAI,20030521,09:32:41,7.05,1000,7.05,0.0,0.001490376970390342
AAI,20030521,09:32:44,7.05,1000,7.05,0.0,0.0014903769703903424
AAI,20030521,09:33:59,7.05,1000,7.05,0.0,0.0014903769703903424
AAI,20030521,09:34:01,7.05,1000,7.04,-0.0014194466542262543,0.0014903769703903424
AAI,20030521,09:34:43,7.04,800,7.04,0.0,0.001490357632065034
AAI,20030521,09:34:44,7.04,800,7.04,0.0,0.001516517781397516
AAI,20030521,09:35:45,7.04,1000,7.04,0.0,0.0015165177813975155
AAI,20030521,09:35:47,7.04,1000,7.03,-0.0014214643473774255,0.0015165177813975155
AAI,20030521,09:36:15,7.03,1000,7.03,0.0,0.0015365099833614078
AAI,20030521,09:36:18,7.03,1000,7.03,0.0,0.001543246658231508
AAI,20030521,09:36:19,7.03,600,7.02,-0.0014234877848538462,0.0015685961443117021
AAI,20030521,09:37:06,7.02,400,7.02,0.0,0.0015616752948294519
AAI,20030521,09:37:07,7.02,400,7.02,0.0,0.0015616752948294519
AAI,20030521,09:37:16,7.02,100,7.02,0.0,0.0015675054135426772
AAI,20030521,09:37:18,7.02,100,7.01,-0.0014255169912209499,0.0015675054135426774
AAI,20030521,09:37:57,7.01,400,7.01,0.0,0.0015674094620264955
AAI,20030521,09:38:10,7.01,600,7.01,0.0,0.0015674094620264953
AAI,20030521,09:38:12,7.01,600,7,-0.001427551991185335,0.0015743759403664959
AAI,20030521,09:38:33,7,1200,7,0.0,0.001573011408852974
AAI,20030521,09:38:36,7,11700,7,0.0,0.0015730114088529743
AAI,20030521,09:38:37,7,1000,7,0.0,0.0015730114088529743
AAI,20030521,09:38:45,7,10000,7,0.0,0.0015730114088529745
AAI,20030521,09:38:51,7,100,7,0.0,0.0015800799846279001
AAI,20030521,09:38:51,7,100,7,0.0,0.0015800799846279001
AAI,20030521,09:38:51,7,500,7,0.0,0.0015800799846279006
AAI,20030521,09:38:51,7,200,7,0.0,0.0015800799846279001
AAI,20030521,09:38:51,7,5000,6.98,-0.0028612322810321234,0.0015870104364340439
AAI,20030521,09:38:58,6.98,100,7,0.002861232281032195,0.0015597104461286405
AAI,20030521,09:39:03,7,2000,7,0.0,0.0015405246932734247
AAI,20030521,09:40:10,7,300,7,0.0,0.0015405246932734245
AAI,20030521,09:40:36,7,1100,6.97,-0.004294924282880841,0.0015476322877589648
AAI,20030521,09:40:51,6.97,100,6.96,-0.0014357504261041534,0.0014903588569881976
AAI,20030521,09:40:57,6.96,4000,6.96,0.0,0.00159126653120037
AAI,20030521,09:41:01,6.96,2000,6.99,0.004301081899390702,0.00159126653120037
AAI,20030521,09:41:07,6.99,100,6.99,0.0,0.0015397124516124455
AAI,20030521,09:42:02,6.99,10000,6.99,0.0,0.0015397124516124455
AAI,20030521,09:42:55,6.99,100,6.99,0.0,0.0015466231392908998
AAI,20030521,09:43:15,6.99,700,6.99,0.0,0.0015466231392909
AAI,20030521,09:43:19,6.99,5000,7.03,0.005706149576854689,0.001552854277611264
AAI,20030521,09:43:28,7.03,900,7.04,0.0014214643473774466,0.0014447734464874326
AAI,20030521,09:43:48,7.04,1000,7.04,0.0,0.001444793565690786
AAI,20030521,09:44:36,7.04,1600,7.03,-0.0014214643473774255,0.0014447935656907859
AAI,20030521,09:45:19,7.03,1000,7.03,0.0,0.0014448132901279792
AAI,20030521,09:45:20,7.03,1000,7,-0.004276556767260305,0.0014516209592685132
AAI,20030521,09:45:32,7,1000,7,0.0,0.0013945008870483962
AAI,20030521,09:45:35,7,1000,7,0.0,0.0013945008870483958
AAI,20030521,09:46:13,7,500,7,0.0,0.001401983551620105
AAI,20030521,09:46:14,7,500,7,0.0,0.001401983551620105
AAI,20030521,09:47:00,7,1600,7,0.0,0.0014089977635979257
AAI,20030521,09:47:04,7,1600,7,0.0,0.0014089977635979257
AAI,20030521,09:47:07,7,6900,6.99,-0.0014295928095944335,0.0014089977635979255
AAI,20030521,09:49:14,6.99,200,6.99,0.0,0.0014013662344506583
AAI,20030521,09:49:52,6.99,2500,6.99,0.0,0.0014013662344506581
AAI,20030521,09:49:53,6.99,500,7,0.0014295928095943715,0.0014089556502594558
AAI,20030521,09:49:57,7,500,6.99,-0.0014295928095944335,0.0014019005459852117
AAI,20030521,09:49:59,6.99,300,6.98,-0.0014316394714377388,0.0015038643813971725
AAI,20030521,09:50:08,6.98,600,6.97,-0.0014336920018486968,0.0014961571443106948
AAI,20030521,09:50:13,6.97,2100,6.97,0.0,0.0015169785091159681
AAI,20030521,09:50:16,6.97,2000,6.97,0.0,0.0015227661233400984
AAI,20030521,09:50:53,6.97,3300,6.98,0.001433692001848616,0.001528383676920573
AAI,20030521,09:51:17,6.98,500,6.98,0.0,0.0015226419130871043
AAI,20030521,09:51:24,6.98,800,6.99,0.0014316394714376703,0.0015226419130871043
AAI,20030521,09:51:27,6.99,2500,6.99,0.0,0.0015444368919718533
AAI,20030521,09:51:30,6.99,1300,6.99,0.0,0.0015444368919718537
AAI,20030521,09:52:06,6.99,1000,6.99,0.0,0.001544436891971854
AAI,20030521,09:52:13,6.99,500,6.98,-0.0014316394714377388,0.0015444368919718537
AAI,20030521,09:53:19,6.98,1700,6.98,0.0,0.0015443585577315845
AAI,20030521,09:53:42,6.98,500,6.99,0.0014316394714376703,0.0015443585577315847
AAI,20030521,09:54:07,6.99,300,6.99,0.0,0.0015381691953176
AAI,20030521,09:54:16,6.99,500,6.99,0.0,0.0015442861882541965
AAI,20030521,09:54:31,6.99,1300,7.01,0.002857144800779744,0.001571115414194095
AAI,20030521,09:56:13,7.01,100,7,-0.001427551991185335,0.0015516761629971948
AAI,20030521,09:56:19,7,400,7,0.0,0.0015448997135656876
AAI,20030521,09:56:34,7,200,7.01,0.0014275519911853237,0.001551657268861234
AAI,20030521,09:57:42,7.01,100,7.01,0.0,0.001551638744975178
AAI,20030521,09:57:47,7.01,100,7,-0.001427551991185335,0.0015516387449751783
AAI,20030521,09:57:58,7,400,7.01,0.0014275519911853237,0.001544862131411665
AAI,20030521,09:58:19,7.01,100,7.01,0.0,0.001538448797054163
AAI,20030521,09:59:21,7.01,100,7.01,0.0,0.001538448797054163
AAI,20030521,09:59:36,7.01,100,7.01,0.0,0.001538448797054163
AAI,20030521,10:01:35,7.01,100,7,-0.001427551991185335,0.0015451041667053783
AAI,20030521,10:01:35,7,900,7,0.0,0.0015384297404670807
AAI,20030521,10:01:53,7,100,7.02,0.0028530689824064807,0.001544824548343352
AAI,20030521,10:03:42,7.02,1300,7.03,0.0014234877848539275,0.00151851532749388
AAI,20030521,10:04:31,7.03,100,7.03,0.0,0.0015117622166217557
AAI,20030521,10:04:59,7.03,100,7.03,0.0,0.0015117622166217553
AAI,20030521,10:05:32,7.03,700,7,-0.004276556767260305,0.0015382987667909931
AAI,20030521,10:05:52,7,700,7,0.0,0.0014839368573486954
AAI,20030521,10:05:58,7,1000,7,0.0,0.0014839368573486954
AAI,20030521,10:06:00,7,400,7.04,0.005698021114637796,0.0014910857173214655
AAI,20030521,10:06:40,7.04,1000,7.04,0.0,0.0013779211695078173
AAI,20030521,10:06:42,7.04,1000,7.05,0.0014194466542262925,0.0013779211695078173
AAI,20030521,10:10:43,7.05,500,7.05,0.0,0.0013702260099444905
AAI,20030521,10:10:44,7.05,500,7.05,0.0,0.0014000206646079584
AAI,20030521,10:10:50,7.05,500,7.05,0.0,0.001407268857529245
AAI,20030521,10:12:24,7.05,200,7.05,0.0,0.0014072688575292452
AAI,20030521,10:12:25,7.05,800,7.05,0.0,0.0014072688575292455
AAI,20030521,10:12:26,7.05,800,7.05,0.0,0.0014072688575292452
AAI,20030521,10:12:58,7.05,100,7.06,0.0014174346809733152,0.0014072688575292455
AAI,20030521,10:13:05,7.06,800,7.06,0.0,0.0014070060032949122
AAI,20030521,10:13:07,7.06,800,7.06,0.0,0.0014070060032949122
AAI,20030521,10:14:26,7.06,500,7.06,0.0,0.0014143592470898599
AAI,20030521,10:15:06,7.06,1000,7.06,0.0,0.00141435924708986
AAI,20030521,10:15:26,7.06,500,7.06,0.0,0.0014212538370719733
AAI,20030521,10:15:29,7.06,500,7.05,-0.0014174346809733935,0.00144956484775579
AAI,20030521,10:17:24,7.05,100,7.07,0.0028328630843041072,0.00144956484775579
AAI,20030521,10:17:51,7.07,100,7.07,0.0,0.0014213347774667247
AAI,20030521,10:20:08,7.07,200,7.07,0.0,0.0014280564038730683
AAI,20030521,10:20:08,7.07,200,7.05,-0.002832863084304201,0.0014550208553453044
AAI,20030521,10:20:08,7.05,300,7.04,-0.0014194466542262543,0.0014569007637777818
AAI,20030521,10:20:20,7.04,1700,7.06,0.0028368813351995355,0.001450038287582351
AAI,20030521,10:20:38,7.06,800,7.06,0.0,0.0014217367045262972
AAI,20030521,10:20:41,7.06,700,7.06,0.0,0.0014290141509159273
AAI,20030521,10:20:44,7.06,100,7.07,0.0014154284033307597,0.0014290141509159275
AAI,20030521,10:21:28,7.07,400,7.07,0.0,0.0014217775582271498
AAI,20030521,10:21:29,7.07,400,7.06,-0.001415428403330728,0.0014217775582271496
AAI,20030521,10:22:42,7.06,200,7.06,0.0,0.0014430053317596367
AAI,20030521,10:22:49,7.06,1000,7.05,-0.0014174346809733935,0.0014499990080311224
AAI,20030521,10:23:36,7.05,1200,7.06,0.0014174346809733152,0.0014429854433306948
AAI,20030521,10:23:38,7.06,600,7.06,0.0,0.001442965944604836
AAI,20030521,10:23:42,7.06,800,7.06,0.0,0.0014499598108547102
AAI,20030521,10:23:44,7.06,800,7.06,0.0,0.0014499598108547102
AAI,20030521,10:24:15,7.06,300,7.05,-0.0014174346809733935,0.0014499598108547104
AAI,20030521,10:28:39,7.05,100,7.05,0.0,0.0014429460556330128
AAI,20030521,10:28:56,7.05,200,7.05,0.0,0.0014429460556330124
AAI,20030521,10:29:22,7.05,200,7.05,0.0,0.0014499598108547098
AAI,20030521,10:30:00,7.05,300,7.04,-0.0014194466542262543,0.0014568032608981182
AAI,20030521,10:30:33,7.04,1000,7.04,0.0,0.0014567834768928396
AAI,20030521,10:30:50,7.04,1000,7.05,0.0014194466542262925,0.0014637506189888862
AAI,20030521,10:32:01,7.05,100,7.05,0.0,0.0014637506189888862
AAI,20030521,10:32:02,7.05,100,7.04,-0.0014194466542262543,0.0014637506189888864
AAI,20030521,10:36:11,7.04,100,7.05,0.0014194466542262925,0.0014634589081826792
AAI,20030521,10:36:35,7.05,7600,7.01,-0.00568991577767857,0.0014567640805484006
AAI,20030521,10:36:54,7.01,7600,7.01,0.0,0.0013392563850575525
AAI,20030521,10:37:04,7.01,800,7.02,0.0014255169912209468,0.0013392563850575527
AAI,20030521,10:39:21,7.02,2000,7.02,0.0,0.0013391546744893777
AAI,20030521,10:39:23,7.02,2000,7.01,-0.0014255169912209499,0.001366884589417925
AAI,20030521,10:42:23,7.01,300,7.01,0.0,0.001358326350093057
AAI,20030521,10:43:35,7.01,400,7.02,0.0014255169912209468,0.0013667282936206703
AAI,20030521,10:45:51,7.02,200,7.02,0.0,0.0013665922435348934
AAI,20030521,10:45:52,7.02,200,7.03,0.0014234877848539275,0.0013665922435348934
AAI,20030521,10:46:31,7.03,100,7.03,0.0,0.001390564504410726
AAI,20030521,10:46:32,7.03,100,7.02,-0.0014234877848538462,0.0013905645044107262
AAI,20030521,10:50:06,7.02,100,7.01,-0.0014255169912209499,0.0013890284650261294
AAI,20030521,10:52:04,7.01,500,7.02,0.0014255169912209468,0.0013807517841087184
AAI,20030521,10:52:52,7.02,400,7.02,0.0,0.0013806171159397788
AAI,20030521,10:54:30,7.02,600,7.01,-0.0014255169912209499,0.0013806171159397788
AAI,20030521,10:55:24,7.01,200,7.01,0.0,0.001378144454219687
AAI,20030521,10:55:52,7.01,100,7.02,0.0014255169912209468,0.001386546513165331
AAI,20030521,11:07:02,7.02,1500,7.02,0.0,0.0013863951992867886
AAI,20030521,11:07:03,7.02,1500,7.02,0.0,0.0013863951992867886
AAI,20030521,11:07:09,7.02,1000,7.02,0.0,0.0013863951992867886
AAI,20030521,11:07:09,7.02,2000,7.02,0.0,0.001386395199286788
AAI,20030521,11:07:12,7.02,2000,7.01,-0.0014255169912209499,0.0013946049213067395
AAI,20030521,11:07:41,7.01,300,7.01,0.0,0.0013921571040667721
AAI,20030521,11:07:44,7.01,200,7.05,0.005689915777678676,0.0014503359231630107
AAI,20030521,11:10:16,7.05,23900,7.05,0.0,0.0013400155844043953
AAI,20030521,11:10:42,7.05,100,7.03,-0.002840911001603641,0.0013400155844043953
AAI,20030521,11:10:59,7.03,100,7.04,0.0014214643473774466,0.0013068233440881561
AAI,20030521,11:11:00,7.04,500,7.05,0.0014194466542262925,0.001370396998509746
AAI,20030521,11:11:19,7.05,200,7.05,0.0,0.001424833040137031
AAI,20030521,11:11:26,7.05,200,7.05,0.0,0.0014248330401370308
AAI,20030521,11:13:05,7.05,200,7.03,-0.002840911001603641,0.0014248330401370308
AAI,20030521,11:15:15,7.03,200,7.03,0.0,0.0014594903620326239
AAI,20030521,11:15:57,7.03,100,7.03,0.0,0.0014594903620326239
AAI,20030521,11:16:22,7.03,200,7.03,0.0,0.0014842291266090103
AAI,20030521,11:16:41,7.03,200,7.02,-0.0014234877848538462,0.0014842291266090105
AAI,20030521,11:17:25,7.02,200,7.02,0.0,0.001505027648751654
AAI,20030521,11:18:43,7.02,300,7.02,0.0,0.0015593817150495605
AAI,20030521,11:18:48,7.02,1100,7.03,0.0014234877848539275,0.0016188506106084438
AAI,20030521,11:18:51,7.03,100,7.01,-0.002849004776074826,0.0016187215616453503
AAI,20030521,11:25:29,7.01,1000,7.02,0.0014255169912209468,0.0015960951799175542
AAI,20030521,11:25:30,7.02,1000,7.02,0.0,0.001591035120368759
AAI,20030521,11:25:34,7.02,1000,7.01,-0.0014255169912209499,0.001591035120368759
AAI,20030521,11:25:38,7.01,2600,7.02,0.0014255169912209468,0.0015833123032146432
AAI,20030521,11:25:39,7.02,100,7.02,0.0,0.0015856372809886676
AAI,20030521,11:25:51,7.02,100,7.02,0.0,0.0016078814437413785
AAI,20030521,11:25:58,7.02,100,7.02,0.0,0.001615273111164933
AAI,20030521,11:26:13,7.02,100,7.02,0.0,0.001641745696648152
AAI,20030521,11:26:18,7.02,100,7.02,0.0,0.0016467495457572574
AAI,20030521,11:26:23,7.02,100,7.01,-0.0014255169912209499,0.0016467495457572574
AAI,20030521,11:26:28,7.01,500,7.01,0.0,0.0016394102298987797
AAI,20030521,11:26:43,7.01,200,7.02,0.0014255169912209468,0.0016394102298987795
AAI,20030521,11:28:47,7.02,100,7.02,0.0,0.001634362901135039
AAI,20030521,11:28:52,7.02,200,7.02,0.0,0.0016343629011350389
AAI,20030521,11:28:57,7.02,900,7.02,0.0,0.0016343629011350386
AAI,20030521,11:29:01,7.02,400,7.04,0.0028449521322313448,0.001634362901135039
AAI,20030521,11:29:02,7.04,100,7.03,-0.0014214643473774255,0.0016113906485228629
AAI,20030521,11:29:06,7.03,300,7.03,0.0,0.001604178666098797
AAI,20030521,11:32:34,7.03,600,7.02,-0.0014234877848538462,0.0016041786660987972
AAI,20030521,11:33:02,7.02,100,7.02,0.0,0.0015967892104516274
AAI,20030521,11:33:17,7.02,200,7.02,0.0,0.0015967892104516276
AAI,20030521,11:35:31,7.02,200,7.02,0.0,0.0015967892104516278
AAI,20030521,11:35:52,7.02,1000,7.04,0.0028449521322313448,0.0015967892104516276
AAI,20030521,11:36:14,7.04,100,7.05,0.0014194466542262925,0.0015732684170716466
AAI,20030521,11:36:18,7.05,2400,7.05,0.0,0.0015676755875948807
AAI,20030521,11:36:22,7.05,2400,7.05,0.0,0.0015676755875948804
AAI,20030521,11:36:29,7.05,100,7.05,0.0,0.0015676755875948804
AAI,20030521,11:36:30,7.05,100,7.05,0.0,0.0015676755875948807
AAI,20030521,11:36:38,7.05,500,7.04,-0.0014194466542262543,0.0015676755875948802
AAI,20030521,11:36:43,7.04,100,7.04,0.0,0.001560409220708222
AAI,20030521,11:36:50,7.04,100,7.05,0.0014194466542262925,0.001560409220708222
AAI,20030521,11:36:54,7.05,500,7.05,0.0,0.0015547701347328063
AAI,20030521,11:37:01,7.05,100,7.04,-0.0014194466542262543,0.0015547701347328067
AAI,20030521,11:37:09,7.04,400,7.06,0.0028368813351995355,0.0015474431685807903
AAI,20030521,11:38:10,7.06,100,7.05,-0.0014174346809733935,0.001522781226336533
AAI,20030521,11:38:24,7.05,100,7.05,0.0,0.0015154509942478613
AAI,20030521,11:39:03,7.05,1000,7.04,-0.0014194466542262543,0.0015154509942478613
AAI,20030521,11:39:31,7.04,900,7.02,-0.0028449521322313617,0.001507932990585828
AAI,20030521,11:40:14,7.02,500,7.04,0.0028449521322313448,0.001478698455352873
AAI,20030521,11:40:44,7.04,300,7.04,0.0,0.0014532676461696116
AAI,20030521,11:40:46,7.04,1000,7.04,0.0,0.0014532676461696116
AAI,20030521,11:40:53,7.04,1000,7.05,0.0014194466542262925,0.0014532676461696118
AAI,20030521,11:41:09,7.05,500,7.05,0.0,0.0014472111411916349
AAI,20030521,11:41:10,7.05,500,7.05,0.0,0.0014472111411916349
AAI,20030521,11:41:38,7.05,500,7.05,0.0,0.0014472111411916345
AAI,20030521,11:41:56,7.05,500,7.07,0.0028328630843041072,0.0014472111411916345
AAI,20030521,11:42:05,7.07,1600,7.06,-0.001415428403330728,0.0014206084404390959
AAI,20030521,11:42:11,7.06,200,7.06,0.0,0.0014129098752444945
AAI,20030521,11:43:20,7.06,100,7.07,0.0014154284033307597,0.0014129098752444945
AAI,20030521,11:46:20,7.07,100,7.06,-0.001415428403330728,0.0014064350641774018
AAI,20030521,11:49:06,7.06,100,7.06,0.0,0.0013986584873600506
AAI,20030521,11:50:45,7.06,7600,7.06,0.0,0.0013986584873600509
AAI,20030521,11:50:56,7.06,1600,7.06,0.0,0.0013986584873600509
AAI,20030521,11:51:48,7.06,200,7.06,0.0,0.0013986584873600506
AAI,20030521,11:52:26,7.06,500,7.05,-0.0014174346809733935,0.0013986584873600509
AAI,20030521,11:53:27,7.05,100,7.06,0.0014174346809733152,0.0013985527641338657
AAI,20030521,11:58:52,7.06,100,7.05,-0.0014174346809733935,0.0013919925696240915
AAI,20030521,11:59:03,7.05,800,7.04,-0.0014194466542262543,0.001384112499968827
AAI,20030521,12:01:53,7.04,600,7.05,0.0014194466542262925,0.0013822739394005487
AAI,20030521,12:02:14,7.05,2500,7.05,0.0,0.0013838676585750812
AAI,20030521,12:02:20,7.05,300,7.06,0.0014174346809733152,0.0013838676585750812
AAI,20030521,12:02:23,7.06,100,7.06,0.0,0.0013772375162884151
AAI,20030521,12:03:53,7.06,200,7.06,0.0,0.0013772375162884151
AAI,20030521,12:04:39,7.06,200,7.06,0.0,0.0013772375162884151
AAI,20030521,12:05:26,7.06,100,7.07,0.0014154284033307597,0.001377237516288415
AAI,20030521,12:07:21,7.07,3000,7.09,0.002824860635554619,0.0013997445404400773
AAI,20030521,12:07:30,7.09,100,7.09,0.0,0.0013782618143073258
AAI,20030521,12:07:51,7.09,100,7.08,-0.001411432838407736,0.001378261814307326
AAI,20030521,12:12:38,7.08,100,7.09,0.0014114328384078085,0.0013782618143073255
AAI,20030521,12:13:58,7.09,900,7.09,0.0,0.0013992599019308995
AAI,20030521,12:16:48,7.09,100,7.07,-0.0028248606355546274,0.001405926881499182
AAI,20030521,12:17:02,7.07,200,7.07,0.0,0.0014062438500539157
AAI,20030521,12:18:36,7.07,400,7.08,0.0014134277971469427,0.0014062438500539159
AAI,20030521,12:19:02,7.08,400,7.08,0.0,0.0013984842404397857
AAI,20030521,12:27:52,7.08,500,7.09,0.0014114328384078085,0.0014281644827257099
AAI,20030521,12:27:56,7.09,200,7.09,0.0,0.0014282256883892497
AAI,20030521,12:36:21,7.09,100,7.1,0.001409443503233604,0.0014282256883892497
AAI,20030521,12:36:28,7.1,100,7.09,-0.0014094435032336043,0.0014494757426129874
AAI,20030521,12:40:21,7.09,2500,7.1,0.001409443503233604,0.0014497668436284786
AAI,20030521,12:40:33,7.1,100,7.1,0.0,0.0015028635194164973
AAI,20030521,12:40:34,7.1,100,7.1,0.0,0.0015089417742811485
AAI,20030521,12:40:37,7.1,2300,7.1,0.0,0.0015338964316051501
AAI,20030521,12:40:38,7.1,2300,7.09,-0.0014094435032336043,0.0016378949931868465
AAI,20030521,12:40:43,7.09,600,7.1,0.001409443503233604,0.0016853700536288163
AAI,20030521,12:41:06,7.1,100,7.13,0.004216450378934825,0.0017011143912084858
AAI,20030521,12:41:20,7.13,100,7.13,0.0,0.0016446228156450347
AAI,20030521,12:41:22,7.13,100,7.13,0.0,0.0016520379568001297
AAI,20030521,12:43:12,7.13,800,7.13,0.0,0.0016592801780883268
AAI,20030521,12:43:28,7.13,800,7.1,-0.004216450378934915,0.0016592801780883268
AAI,20030521,12:45:53,7.1,100,7.13,0.004216450378934825,0.0016075671785141714
AAI,20030521,12:47:12,7.13,100,7.13,0.0,0.0015484319918667494
AAI,20030521,12:47:13,7.13,100,7.13,0.0,0.0015484319918667494
AAI,20030521,12:48:58,7.13,157400,7.1,-0.004216450378934915,0.0015762169348762258
AAI,20030521,12:49:13,7.1,600,7.1,0.0,0.0015209052311796515
AAI,20030521,12:50:01,7.1,1100,7.12,0.0028129413766146577,0.0015458528622335592
AAI,20030521,12:51:24,7.12,3000,7.12,0.0,0.0015258272888097704
AAI,20030521,12:51:41,7.12,100,7.1,-0.0028129413766147236,0.0015258272888097702
AAI,20030521,12:51:53,7.1,5000,7.13,0.004216450378934825,0.0015012469793594023
AAI,20030521,12:52:13,7.13,10100,7.1,-0.004216450378934915,0.001438157518067952
AAI,20030521,12:52:32,7.1,10100,7.11,0.0014074597678797698,0.0013856584421833731
AAI,20030521,12:54:33,7.11,100,7.12,0.0014054816087349464,0.0013778494646633774
AAI,20030521,12:54:37,7.12,700,7.12,0.0,0.001369874326356314
AAI,20030521,12:54:40,7.12,700,7.12,0.0,0.0013698743263563138
AAI,20030521,12:55:17,7.12,1000,7.12,0.0,0.0013698743263563136
AAI,20030521,12:55:34,7.12,10000,7.11,-0.0014054816087348096,0.001400188614684002
AAI,20030521,12:56:31,7.11,1300,7.13,0.002808990611054952,0.0013936092547450593
AAI,20030521,12:59:30,7.13,25000,7.12,-0.0014035090023200867,0.0013638582368018725
AAI,20030521,13:01:50,7.12,600,7.1,-0.0028129413766147236,0.0013572662647542311
AAI,20030521,13:02:06,7.1,200,7.11,0.0014074597678797698,0.0013286835704350726
AAI,20030521,13:04:15,7.11,100,7.11,0.0,0.0013496190739213606
AAI,20030521,13:04:16,7.11,100,7.11,0.0,0.0013562385921631604
AAI,20030521,13:04:30,7.11,400,7.11,0.0,0.0013644244450275991
AAI,20030521,13:04:31,7.11,400,7.11,0.0,0.0013918950258166877
AAI,20030521,13:04:48,7.11,100,7.11,0.0,0.0013918950258166877
AAI,20030521,13:05:44,7.11,300,7.11,0.0,0.0013980673629443345
AAI,20030521,13:05:46,7.11,300,7.11,0.0,0.001398067362944334
AAI,20030521,13:08:07,7.11,100,7.11,0.0,0.0013980673629443345
AAI,20030521,13:08:09,7.11,100,7.11,0.0,0.0014581112646037389
AAI,20030521,13:09:18,7.11,100,7.11,0.0,0.0015232764381431598
AAI,20030521,13:09:19,7.11,100,7.11,0.0,0.001530869601364704
AAI,20030521,13:09:27,7.11,1000,7.11,0.0,0.0015382755111657473
AAI,20030521,13:09:30,7.11,1000,7.11,0.0,0.0015382755111657477
AAI,20030521,13:10:06,7.11,1000,7.11,0.0,0.0015382755111657477
AAI,20030521,13:10:11,7.11,1000,7.11,0.0,0.0015382755111657477
AAI,20030521,13:10:49,7.11,1000,7.11,0.0,0.0015382755111657473
AAI,20030521,13:10:52,7.11,1000,7.11,0.0,0.0015382755111657473
AAI,20030521,13:11:37,7.11,1000,7.11,0.0,0.0015382755111657473
AAI,20030521,13:11:40,7.11,1000,7.11,0.0,0.0015382755111657473
AAI,20030521,13:11:50,7.11,100,7.11,0.0,0.0015382755111657475
AAI,20030521,13:11:52,7.11,100,7.11,0.0,0.0015382755111657477
AAI,20030521,13:12:15,7.11,1000,7.11,0.0,0.0015382755111657473
AAI,20030521,13:12:26,7.11,900,7.11,0.0,0.001545497491285056
AAI,20030521,13:12:27,7.11,900,7.11,0.0,0.0015512813960557774
AAI,20030521,13:12:39,7.11,400,7.11,0.0,0.0015584431067783393
AAI,20030521,13:12:40,7.11,400,7.11,0.0,0.0015584431067783393
AAI,20030521,13:12:58,7.11,1000,7.11,0.0,0.0015584431067783395
AAI,20030521,13:13:00,7.11,1000,7.11,0.0,0.0015584431067783397
AAI,20030521,13:17:07,7.11,100,7.11,0.0,0.0015584431067783395
AAI,20030521,13:25:39,7.11,100,7.11,0.0,0.0015584431067783397
AAI,20030521,13:26:25,7.11,100,7.11,0.0,0.0015584431067783395
AAI,20030521,13:28:45,7.11,200,7.11,0.0,0.001565426121715206
AAI,20030521,13:28:46,7.11,200,7.11,0.0,0.0015712458968487498
AAI,20030521,13:29:57,7.11,1000,7.11,0.0,0.00157124589684875
AAI,20030521,13:30:06,7.11,1100,7.11,0.0,0.0015781722636795453
AAI,20030521,13:30:14,7.11,100,7.11,0.0,0.0015781722636795453
AAI,20030521,13:33:20,7.11,1500,7.11,0.0,0.0016039924774038938
AAI,20030521,13:33:22,7.11,1500,7.11,0.0,0.0016039924774038934
AAI,20030521,13:33:51,7.11,400,7.11,0.0,0.0016039924774038932
AAI,20030521,13:33:53,7.11,400,7.11,0.0,0.0016103560732055127
AAI,20030521,13:33:59,7.11,600,7.11,0.0,0.001610356073205513
AAI,20030521,13:34:01,7.11,600,7.11,0.0,0.0016163299438370956
AAI,20030521,13:34:03,7.11,100,7.11,0.0,0.0016163299438370956
AAI,20030521,13:34:09,7.11,200,7.11,0.0,0.0016226451559986947
AAI,20030521,13:34:11,7.11,200,7.11,0.0,0.0016226451559986945
AAI,20030521,13:35:06,7.11,2000,7.11,0.0,0.0016226451559986945
AAI,20030521,13:35:08,7.11,2000,7.1,-0.0014074597678798285,0.0016226451559986947
AAI,20030521,13:35:43,7.1,2000,7.1,0.0,0.00162266220419584
AAI,20030521,13:35:45,7.1,2000,7.1,0.0,0.0016288322888039425
AAI,20030521,13:35:53,7.1,100,7.11,0.0014074597678797698,0.0016288322888039432
AAI,20030521,13:36:20,7.11,1500,7.1,-0.0014074597678798285,0.001676391512305042
AAI,20030521,13:36:23,7.1,600,7.1,0.0,0.0018126533372413254
AAI,20030521,13:37:23,7.1,9100,7.1,0.0,0.001833947629154461
AAI,20030521,13:39:16,7.1,1300,7.1,0.0,0.0018339476291544612
AAI,20030521,13:39:19,7.1,2800,7.1,0.0,0.0018339476291544612
AAI,20030521,13:39:25,7.1,4500,7.1,0.0,0.0018339476291544608
AAI,20030521,13:39:32,7.1,1700,7.08,-0.0028208763416412296,0.001833947629154461
AAI,20030521,13:39:42,7.08,1300,7.09,0.0014114328384078085,0.0018127764611017237
AAI,20030521,13:39:50,7.09,100,7.09,0.0,0.0018070000519683105
AAI,20030521,13:40:02,7.09,500,7.08,-0.001411432838407736,0.0018070000519683107
AAI,20030521,13:43:09,7.08,1000,7.06,-0.0028288562004777137,0.0018017534916790847
AAI,20030521,13:44:25,7.06,500,7.05,-0.0014174346809733935,0.001779630211671181
AAI,20030521,13:44:35,7.05,100,7.03,-0.002840911001603641,0.0017739203918625702
AAI,20030521,13:44:37,7.03,2000,7.03,0.0,0.0017738555825998115
AAI,20030521,13:44:44,7.03,2200,7.03,0.0,0.001795953018240549
AAI,20030521,13:44:51,7.03,5000,7.05,0.0028409110016036497,0.001795953018240549
AAI,20030521,13:44:53,7.05,100,7.06,0.0014174346809733152,0.0017737914095195286
AAI,20030521,13:45:58,7.06,300,7.06,0.0,0.0017681752392270725
AAI,20030521,13:47:39,7.06,100,7.08,0.0028288562004778446,0.0017737914095195299
AAI,20030521,13:47:41,7.08,100,7.09,0.0014114328384078085,0.0017559842328301407
AAI,20030521,13:47:55,7.09,100,7.06,-0.004240289038885416,0.001749793825337287
AAI,20030521,13:49:09,7.06,200,7.05,-0.0014174346809733935,0.0016988643683685857
AAI,20030521,13:49:47,7.05,100,7.03,-0.002840911001603641,0.0016931173216056653
AAI,20030521,13:50:35,7.03,500,7.07,0.005673774085907875,0.0016691129212840822
AAI,20030521,13:52:37,7.07,100,7.04,-0.0042523097385303915,0.0015692133586761984
AAI,20030521,13:57:06,7.04,1500,7.02,-0.0028449521322313617,0.0015110921529238484
AAI,20030521,14:03:42,7.02,400,7.02,0.0,0.0014837993822057463
AAI,20030521,14:04:08,7.02,300,7.03,0.0014234877848539275,0.001483799382205746
AAI,20030521,14:06:16,7.03,2300,7.04,0.0014214643473774466,0.0014771590090478146
AAI,20030521,14:06:23,7.04,400,7.04,0.0,0.00147037178449405
AAI,20030521,14:10:11,7.04,100,7.04,0.0,0.0014703717844940503
AAI,20030521,14:10:12,7.04,100,7.04,0.0,0.0014771590090478142
AAI,20030521,14:10:18,7.04,700,7.04,0.0,0.0014771590090478142
AAI,20030521,14:11:05,7.04,300,7.06,0.0028368813351995355,0.0014840499999843404
AAI,20030521,14:17:56,7.06,100,7.06,0.0,0.0014564094973585071
AAI,20030521,14:17:58,7.06,100,7.04,-0.002836881335199615,0.0014564094973585071
AAI,20030521,14:21:04,7.04,300,7.05,0.0014194466542262925,0.001435755998871317
AAI,20030521,14:23:25,7.05,100,7.05,0.0,0.0014564872655737574
AAI,20030521,14:23:25,7.05,100,7.05,0.0,0.0014564872655737577
AAI,20030521,14:23:58,7.05,200,7.05,0.0,0.001463612094221693
AAI,20030521,14:23:59,7.05,100,7.06,0.0014174346809733152,0.0014636120942216925
AAI,20030521,14:27:39,7.06,100,7.06,0.0,0.001456527314624322
AAI,20030521,14:27:43,7.06,100,7.06,0.0,0.001456527314624322
AAI,20030521,14:35:30,7.06,900,7.06,0.0,0.001456527314624322
AAI,20030521,14:35:32,7.06,900,7.06,0.0,0.0014565273146243223
AAI,20030521,14:35:37,7.06,5500,7.08,0.0028288562004778446,0.0014565273146243218
AAI,20030521,14:35:48,7.08,1000,7.08,0.0,0.0014279587144404094
AAI,20030521,14:38:32,7.08,100,7.08,0.0,0.0014279587144404098
AAI,20030521,14:39:12,7.08,300,7.08,0.0,0.0014279587144404098
AAI,20030521,14:41:32,7.08,100,7.08,0.0,0.0014279587144404098
AAI,20030521,14:43:12,7.08,100,7.06,-0.0028288562004777137,0.0014279587144404094
AAI,20030521,14:50:38,7.06,100,7.05,-0.0014174346809733935,0.001400508218536081
AAI,20030521,14:53:55,7.05,500,7.06,0.0014174346809733152,0.001400548250878802
AAI,20030521,14:54:08,7.06,100,7.04,-0.002836881335199615,0.0013929995987543215
AAI,20030521,14:54:39,7.04,800,7.04,0.0,0.0013718490918338201
AAI,20030521,15:00:26,7.04,1000,7.03,-0.0014214643473774255,0.00137184909183382
AAI,20030521,15:06:35,7.03,1200,7.03,0.0,0.001364391537031389
AAI,20030521,15:08:38,7.03,400,7.03,0.0,0.0013718490918338201
AAI,20030521,15:08:39,7.03,400,7,-0.004276556767260305,0.00137914193613606
AAI,20030521,15:08:47,7,100,7.03,0.004276556767260172,0.0013109301227801021
AAI,20030521,15:10:43,7.03,200,7.04,0.0014214643473774466,0.0012476848658879592
AAI,20030521,15:12:35,7.04,1000,7.05,0.0014194466542262925,0.0012473867598890428
AAI,20030521,15:12:50,7.05,800,7.05,0.0,0.0012388810668087116
AAI,20030521,15:12:51,7.05,800,7.05,0.0,0.0012464920094866357
AAI,20030521,15:12:59,7.05,3000,7.05,0.0,0.0012464920094866355
AAI,20030521,15:13:00,7.05,3000,7.05,0.0,0.0012551765897841963
AAI,20030521,15:13:05,7.05,16200,7.05,0.0,0.001255176589784196
AAI,20030521,15:13:30,7.05,10000,7.05,0.0,0.001255176589784196
AAI,20030521,15:13:50,7.05,700,7.05,0.0,0.001261492729091711
AAI,20030521,15:13:55,7.05,10000,7.05,0.0,0.0012679051893153272
AAI,20030521,15:13:56,7.05,400,7.05,0.0,0.001274416443796707
AAI,20030521,15:14:05,7.05,200,7.05,0.0,0.0012810290557170516
AAI,20030521,15:14:11,7.05,100,7.06,0.0014174346809733152,0.0012877456823367928
AAI,20030521,15:14:18,7.06,100,7.05,-0.0014174346809733935,0.001285673650125045
AAI,20030521,15:15:12,7.05,400,7.06,0.0014174346809733152,0.0012847960257808557
AAI,20030521,15:18:01,7.06,1100,7.06,0.0,0.0012826280039228517
AAI,20030521,15:18:26,7.06,700,7.06,0.0,0.00128964007971735
AAI,20030521,15:18:47,7.06,200,7.06,0.0,0.0012967684347763779
AAI,20030521,15:19:11,7.06,1000,7.06,0.0,0.0013040163188404678
AAI,20030521,15:21:47,7.06,1000,7.06,0.0,0.001311387110243877
AAI,20030521,15:21:50,7.06,200,7.06,0.0,0.0013188843225319976
AAI,20030521,15:22:11,7.06,300,7.07,0.0014154284033307597,0.001326511611499795
AAI,20030521,15:24:00,7.07,25000,7.06,-0.001415428403330728,0.0013244771046455638
AAI,20030521,15:24:00,7.06,1000,7.06,0.0,0.001324282539542629
AAI,20030521,15:24:17,7.06,800,7.07,0.0014154284033307597,0.0013322158146746462
AAI,20030521,15:24:38,7.07,100,7.07,0.0,0.0013301490869284277
AAI,20030521,15:25:13,7.07,600,7.09,0.002824860635554619,0.001338300560805238
AAI,20030521,15:26:36,7.09,300,7.09,0.0,0.001306206101292098
AAI,20030521,15:26:37,7.09,300,7.09,0.0,0.0013143740756674366
AAI,20030521,15:27:54,7.09,1900,7.1,0.001409443503233604,0.0013226972266074913
AAI,20030521,15:28:22,7.1,100,7.1,0.0,0.001319566157530663
AAI,20030521,15:28:23,7.1,100,7.09,-0.0014094435032336043,0.0013281132424554436
AAI,20030521,15:28:25,7.09,600,7.09,0.0,0.0013288638100003097
AAI,20030521,15:28:31,7.09,500,7.1,0.001409443503233604,0.0013377252538046497
AAI,20030521,15:28:49,7.1,3300,7.1,0.0,0.001334549211706636
AAI,20030521,15:28:50,7.1,3300,7.1,0.0,0.001343662112894834
AAI,20030521,15:28:54,7.1,2100,7.1,0.0,0.0013529642825649223
AAI,20030521,15:28:57,7.1,2100,7.09,-0.0014094435032336043,0.0013624623644256128
AAI,20030521,15:29:17,7.09,1000,7.1,0.001409443503233604,0.001363907604382716
AAI,20030521,15:31:36,7.1,100,7.1,0.0,0.001360772790729213
AAI,20030521,15:31:40,7.1,100,7.13,0.004216450378934825,0.0013707412164134076
AAI,20030521,15:32:06,7.13,15000,7.08,-0.007037326720576204,0.0012696347810757676
AAI,20030521,15:32:42,7.08,300,7.06,-0.0028288562004777137,9.557665942580435E-4
AAI,20030521,15:39:55,7.06,400,7.06,0.0,9.01172807651708E-4
AAI,20030521,15:40:10,7.06,600,7.06,0.0,9.082290030066561E-4
AAI,20030521,15:40:13,7.06,600,7.06,0.0,9.154536009982247E-4
AAI,20030521,15:40:28,7.06,300,7.06,0.0,9.228534090451248E-4
AAI,20030521,15:42:13,7.06,200,7.06,0.0,9.304356261874008E-4
AAI,20030521,15:42:32,7.06,100,7.06,0.0,9.382078725399074E-4
AAI,20030521,15:43:47,7.06,100,7.06,0.0,9.461782214995246E-4
AAI,20030521,15:43:48,7.06,100,7.06,0.0,9.543552350156769E-4
AAI,20030521,15:45:11,7.06,200,7.06,0.0,9.627480022745864E-4
AAI,20030521,15:45:12,7.06,200,7.06,0.0,9.713661821947839E-4
AAI,20030521,15:46:05,7.06,100,7.04,-0.002836881335199615,9.802200501857871E-4
AAI,20030521,15:46:23,7.04,500,7.06,0.0028368813351995355,9.139803118600759E-4
AAI,20030521,15:48:09,7.06,200,7.06,0.0,8.293527547755383E-4
AAI,20030521,15:48:15,7.06,100,7.06,0.0,8.373070486169996E-4
AAI,20030521,15:48:59,7.06,200,7.06,0.0,8.454947026754701E-4
AAI,20030521,15:49:00,7.06,200,7.05,-0.0014174346809733935,8.539273558192882E-4
AAI,20030521,15:50:12,7.05,300,7.04,-0.0014194466542262543,8.415737198997266E-4
AAI,20030521,15:50:14,7.04,2700,7.04,0.0,8.274994301889872E-4
AAI,20030521,15:50:19,7.04,2700,7.04,0.0,8.363990072738054E-4
AAI,20030521,15:50:27,7.04,200,7.04,0.0,8.45592075669656E-4
AAI,20030521,15:50:29,7.04,200,7.04,0.0,8.55095131658167E-4
AAI,20030521,15:50:55,7.04,500,7.04,0.0,8.649259996617268E-4
AAI,20030521,15:50:58,7.04,500,7.04,0.0,8.751039729840511E-4
AAI,20030521,15:51:04,7.04,100,7.04,0.0,8.85649973221509E-4
AAI,20030521,15:51:07,7.04,100,7.04,0.0,8.965867313452669E-4
AAI,20030521,15:51:09,7.04,200,7.04,0.0,9.079389940247234E-4
AAI,20030521,15:51:11,7.04,200,7.04,0.0,9.197337594592465E-4
AAI,20030521,15:51:36,7.04,400,7.04,0.0,9.320005478399261E-4
AAI,20030521,15:51:38,7.04,400,7.03,-0.0014214643473774255,9.447717126171253E-4
AAI,20030521,15:51:48,7.03,200,7.03,0.0,9.300579365435376E-4
AAI,20030521,15:51:51,7.03,200,7.04,0.0014214643473774466,9.436110801221468E-4
AAI,20030521,15:52:49,7.04,500,7.04,0.0,9.223314651667997E-4
AAI,20030521,15:52:50,7.04,500,7.04,0.0,9.3651168340178E-4
AAI,20030521,15:52:57,7.04,500,7.05,0.0014194466542262925,9.513668896816277E-4
AAI,20030521,15:52:58,7.05,500,7.03,-0.002840911001603641,9.257348910517594E-4
AAI,20030521,15:53:20,7.03,400,7.03,0.0,7.912854982629664E-4
AAI,20030521,15:53:22,7.03,400,7.04,0.0014214643473774466,8.052399897930266E-4
AAI,20030521,15:53:39,7.04,1100,7.04,0.0,7.67771423447816E-4
AAI,20030521,15:53:41,7.04,1100,7.04,0.0,7.821337644275964E-4
AAI,20030521,15:53:48,7.04,200,7.04,0.0,7.973339149877442E-4
AAI,20030521,15:53:49,7.04,200,7.04,0.0,8.134566771042521E-4
AAI,20030521,15:54:06,7.04,100,7.04,0.0,8.305993850668092E-4
AAI,20030521,15:54:08,7.04,100,7.04,0.0,8.488743934693385E-4
AAI,20030521,15:54:13,7.04,300,7.04,0.0,8.684121972495617E-4
AAI,20030521,15:54:14,7.04,300,7.04,0.0,8.893653828958974E-4
AAI,20030521,15:54:39,7.04,100,7.04,0.0,9.119136860778265E-4
AAI,20030521,15:54:40,7.04,200,7.04,0.0,9.362705418967758E-4
AAI,20030521,15:54:41,7.04,200,7.04,0.0,9.62691678510586E-4
AAI,20030521,15:54:44,7.04,1900,7.04,0.0,9.914865537994332E-4
AAI,20030521,15:54:49,7.04,300,7.03,-0.0014214643473774255,0.0010230338195234584
AAI,20030521,15:55:17,7.03,500,7.03,0.0,0.0010017550226462894
AAI,20030521,15:55:18,7.03,500,7.04,0.0014214643473774466,0.0010392132610308976
AAI,20030521,15:55:26,7.04,300,7.04,0.0,9.80693391592337E-4
AAI,20030521,15:55:47,7.04,300,7.04,0.0,0.0010219958775065869
AAI,20030521,15:57:04,7.04,100,7.03,-0.0014214643473774255,0.0010690142656768666
AAI,20030521,15:57:46,7.03,1000,7.02,-0.0014234877848538462,0.001050952904010928
AAI,20030521,15:58:01,7.02,900,7.02,0.0,0.001007275553893751
AAI,20030521,15:58:02,7.02,900,7.03,0.0014234877848539275,0.0010768228619266761
AAI,20030521,15:58:27,7.03,100,7.02,-0.0014234877848538462,9.83280303655689E-4
AAI,20030521,15:58:44,7.02,1000,7.02,0.0,9.015761071056897E-4
AAI,20030521,15:58:45,7.02,1000,7.01,-0.0014255169912209499,0.0010079927311889766
AAI,20030521,15:59:21,7.01,1000,7.01,0.0,7.127584956104735E-4
AAI,20030521,15:59:23,7.01,1000,7.02,0.0014255169912209468,8.230226186157991E-4
AAI,20030521,15:59:30,7.02,400,7.02,0.0,0.0
AAI,20030521,15:59:38,7.02,300,7.02,0.0,NaN
AAI,20030521,15:59:47,7.02,200,,,
